mz,n_groups,n_rows,min_r2,n_good
503.26451362708,6,120,0.941148905397658,118
671.46415998698,6,120,0.9399388958359016,118
672.46874873485,6,120,0.9160563182748356,118
